RecordID,RecordType,Title,Category,Location,SubmittedDate,ModeratedDate,ContributorRole,UserSegment,ReviewOrGuideText,Rating,Status,Language,Tags
HP-001,Dorm Review,RSU International Dorm,Dormitory,"Building A, 3rd Floor",2026-06-01,2026-06-02,First-year Student,International Student,"Clean room and safe building, but Wi-Fi is sometimes slow at night.",4,Approved,English,"wifi, safety, clean"
HP-002,Cafeteria Review,Main Cafeteria Noodle Stall,Cafeteria,Main Cafeteria,2026-06-02,2026-06-02,First-year Student,Local Student,Affordable noodles with big portions. Lunch queue is long after 12 PM.,5,Approved,English,"food, price, queue"
HP-003,Survival Guide,How to Get a Student ID Replacement,Campus Service,Student Affairs Office,2026-06-03,2026-06-04,Exchange Student,International Student,"Bring passport copy, student number, and 100 baht fee. Staff were helpful.",4,Approved,English,"student id, service, guide"
HP-004,Dorm Review,Campus Residence B,Dormitory,Building B,2026-06-04,2026-06-05,First-year Student,International Student,"Good location near classes, but laundry machines are limited on weekends.",3,Approved,English,"laundry, location"
HP-005,Cafeteria Review,Halal Food Corner,Cafeteria,Food Court Zone 2,2026-06-05,2026-06-06,International Student,International Student,Useful option for Muslim students. Menu is clear and staff can explain ingredients.,5,Approved,English,"halal, menu, international"
HP-006,Survival Guide,Where to Print Documents on Campus,Campus Service,Library 1st Floor,2026-06-06,2026-06-07,First-year Student,Local Student,"Library printing is easy, but bring small cash because online payment was unavailable.",4,Approved,English,"printing, library, cash"
HP-007,Dorm Review,Private Apartment Near Gate 2,Dormitory,Gate 2 Area,2026-06-07,2026-06-08,Senior Student,Local Student,"Quiet and spacious, but rent is higher than campus dorms.",4,Approved,English,"apartment, rent, quiet"
HP-008,Cafeteria Review,Vegetarian Rice Stall,Cafeteria,Main Cafeteria,2026-06-08,2026-06-09,Exchange Student,International Student,"Good vegetarian choices, but labels should include English translations.",4,Approved,English,"vegetarian, translation"
HP-009,Survival Guide,First Week Campus Checklist,Campus Life,Online Guide,2026-06-09,2026-06-10,First-year Student,International Student,"Helpful checklist for SIM card, uniform, transport card, and classroom search.",5,Approved,English,"first week, checklist"
HP-010,Dorm Review,Shared Room in Campus Residence A,Dormitory,Residence A,2026-06-10,2026-06-11,First-year Student,International Student,Roommate matching was okay. Storage space is small but location is convenient.,3,Approved,English,"shared room, storage"
HP-011,Cafeteria Review,Coffee Kiosk Near Library,Cafeteria,Library Entrance,2026-06-11,2026-06-11,First-year Student,Local Student,"Good coffee for morning classes, but not many snack choices.",4,Approved,English,"coffee, library"
HP-012,Survival Guide,Using Campus Shuttle for the First Time,Transport,Main Gate Shuttle Stop,2026-06-12,2026-06-13,Exchange Student,International Student,Shuttle is helpful but schedule should be posted in English near the stop.,4,Approved,English,"shuttle, schedule"
HP-013,Dorm Review,Budget Dorm Near Campus,Dormitory,Soi Near Gate 3,2026-06-13,2026-06-14,First-year Student,Local Student,"Cheap rent and friendly owner, but walking back at night feels less safe.",3,In Review,English,"budget, safety"
HP-014,Cafeteria Review,Thai Curry Stall,Cafeteria,Food Court Zone 1,2026-06-14,2026-06-15,International Student,International Student,"Food tastes good, but spice level is hard to understand without Thai language.",4,Approved,English,"thai food, spicy, language"
HP-015,Survival Guide,Best Places to Study Between Classes,Campus Life,Library and Study Lounge,2026-06-15,2026-06-16,Senior Student,Local Student,"Library is quiet, while the lounge is better for group work and laptop charging.",5,Approved,English,"study, library, lounge"
HP-016,Dorm Review,International Student Residence,Dormitory,International Residence,2026-06-16,2026-06-17,Exchange Student,International Student,Friendly environment for new students. Reception helped with basic Thai instructions.,5,Approved,English,"international, reception"
HP-017,Cafeteria Review,Budget Breakfast Set,Cafeteria,Main Cafeteria,2026-06-17,2026-06-18,First-year Student,Local Student,Good value before 10 AM. Sells out quickly during exam week.,4,Approved,English,"breakfast, budget"
HP-018,Survival Guide,How to Find Classrooms Quickly,Campus Life,Campus Buildings,2026-06-18,2026-06-19,First-year Student,International Student,Building signs are confusing at first. Taking screenshots of the map helped.,4,Approved,English,"classroom, map"
HP-019,Dorm Review,Studio Apartment Near 7-Eleven,Dormitory,Gate 1 Area,2026-06-19,2026-06-20,Senior Student,International Student,"Convenient location and private bathroom, but electricity bill is expensive.",4,Approved,English,"studio, bills"
HP-020,Cafeteria Review,Japanese Bento Stall,Cafeteria,Food Court Zone 3,2026-06-20,2026-06-21,Exchange Student,International Student,"Tasty and clean presentation, but price is higher than Thai food stalls.",4,Approved,English,"bento, price"
HP-021,Survival Guide,Where to Ask for Visa Support,Campus Service,International Office,2026-06-21,2026-06-22,International Student,International Student,"International Office explained the documents clearly, but appointments fill up fast.",5,Approved,English,"visa, international office"
HP-022,Dorm Review,Older Campus Dorm Block C,Dormitory,Block C,2026-06-22,2026-06-23,First-year Student,Local Student,"Affordable and near cafeteria, but bathroom maintenance needs improvement.",3,In Review,English,"maintenance, affordable"
HP-023,Cafeteria Review,Fruit Smoothie Shop,Cafeteria,Main Walkway,2026-06-23,2026-06-24,First-year Student,International Student,Fresh smoothies and easy ordering by pointing at pictures.,5,Approved,English,"smoothie, pictures"
HP-024,Survival Guide,Emergency Contacts for New Students,Campus Service,Online Guide,2026-06-24,2026-06-25,Senior Student,Local Student,Important phone numbers should be saved before arriving on campus.,5,Approved,English,"emergency, contacts"
HP-025,Dorm Review,Off-campus Shared House,Dormitory,Near University Road,2026-06-25,2026-06-26,International Student,International Student,Good for groups of friends. Transport is needed for morning classes.,3,Pending,English,"shared house, transport"
HP-026,Cafeteria Review,Korean Chicken Stall,Cafeteria,Food Court Zone 2,2026-06-26,2026-06-27,First-year Student,Local Student,Popular stall with crispy chicken. Waiting time is long during dinner.,4,Approved,English,"korean food, waiting"
HP-027,Survival Guide,How to Join Student Clubs,Campus Life,Student Activity Center,2026-06-27,2026-06-28,First-year Student,International Student,"Club fair was useful, but social media pages had more updated information.",4,Approved,English,"clubs, activity"
HP-028,Dorm Review,New Private Dorm with Gym,Dormitory,Gate 4 Area,2026-06-28,2026-06-29,Senior Student,Local Student,"Modern facilities and gym access, but deposit is expensive.",4,Approved,English,"gym, deposit"
HP-029,Cafeteria Review,International Food Day Booth,Cafeteria,Student Plaza,2026-06-29,2026-06-30,Exchange Student,International Student,Fun food event with different cultures. It should be announced earlier.,5,Approved,English,"event, international"
HP-030,Survival Guide,Campus Apps and Online Portals,Campus Service,Online Guide,2026-06-30,2026-07-01,First-year Student,International Student,A single guide for login steps would save time for new students.,4,Pending,English,"apps, portal, login"
